No,Location,Exact Location,Tarriff,geometry,geometry 1,geometry 2,Longitude,Latitude
3,Hatch Street Upper,Near College of Music,€ 2.90,"<Point><coordinates>-6.261752,53.333963</coordinates></Point>","-6.261752,53.333963</coordinates></Point>","-6.261752,53.333963",-6.261752,53.333963
5,Hatch Street Upper,Iveagh Gardens,€ 2.90,"<Point><coordinates>-6.260484,53.334019</coordinates></Point>","-6.260484,53.334019</coordinates></Point>","-6.260484,53.334019",-6.260484,53.334019
6,Hatch Street Upper,UCD,€ 2.90,"<Point><coordinates>-6.259689,53.333968</coordinates></Point>","-6.259689,53.333968</coordinates></Point>","-6.259689,53.333968",-6.259689,53.333968
7,Lindsay Road,Off Botanic Road,€ 1.60,"<Point><coordinates>-6.271275,53.365855</coordinates></Point>","-6.271275,53.365855</coordinates></Point>","-6.271275,53.365855",-6.271275,53.365855
15,Ailesbury Road,At St. Anne's,€ 1.60,"<Point><coordinates>-6.230097,53.319505</coordinates></Point>","-6.230097,53.319505</coordinates></Point>","-6.230097,53.319505",-6.230097,53.319505
20,St. Mary's Terrace (Arbour Hill),At Arbour Place,€ 1.60,"<Point><coordinates>-6.283247,53.350557</coordinates></Point>","-6.283247,53.350557</coordinates></Point>","-6.283247,53.350557",-6.283247,53.350557
23,North Circular Road,At Summerhill Parade  n  Russell St,€ 2.40,"<Point><coordinates>-6.250116,53.357475</coordinates></Point>","-6.250116,53.357475</coordinates></Point>","-6.250116,53.357475",-6.250116,53.357475
25,Prussia Street,Opposite Joseph's Road,€ 1.60,"<Point><coordinates>-6.287127,53.354882</coordinates></Point>","-6.287127,53.354882</coordinates></Point>","-6.287127,53.354882",-6.287127,53.354882
26,Kenilworth Square West,At Park,€ 1.60,"<Point><coordinates>-6.277189,53.318538</coordinates></Point>","-6.277189,53.318538</coordinates></Point>","-6.277189,53.318538",-6.277189,53.318538
28,Tyrconnell Street,Junction of Tyrconnel Road,€ 1.00,"<Point><coordinates>-6.323421,53.337743</coordinates></Point>","-6.323421,53.337743</coordinates></Point>","-6.323421,53.337743",-6.323421,53.337743
31,Raymond Street,At No 25,€ 2.40,"<Point><coordinates>-6.276736,53.334021</coordinates></Point>","-6.276736,53.334021</coordinates></Point>","-6.276736,53.334021",-6.276736,53.334021
32,St. Alban's Road,At South Circular Road,€ 1.60,"<Point><coordinates>-6.277943,53.331881</coordinates></Point>","-6.277943,53.331881</coordinates></Point>","-6.277943,53.331881",-6.277943,53.331881
36,Kenilworth Square South,At Park,€ 1.60,"<Point><coordinates>-6.275799,53.3172</coordinates></Point>","-6.275799,53.3172</coordinates></Point>","-6.275799,53.3172",-6.275799,53.3172
47,Greenmount Lane,At Number 18,€ 1.60,"<Point><coordinates>-6.278455,53.328634</coordinates></Point>","-6.278455,53.328634</coordinates></Point>","-6.278455,53.328634",-6.278455,53.328634
48,The Coombe,Near Reginald Street / At No 62,€ 1.60,"<Point><coordinates>-6.279323,53.339683</coordinates></Point>","-6.279323,53.339683</coordinates></Point>","-6.279323,53.339683",-6.279323,53.339683
49,St. Philomena's Road,Off Finglas Road,€ 1.00,"<Point><coordinates>-6.273128,53.367647</coordinates></Point>","-6.273128,53.367647</coordinates></Point>","-6.273128,53.367647",-6.273128,53.367647
51,Kenilworth Square East,At Park,€ 1.60,"<Point><coordinates>-6.274578,53.318284</coordinates></Point>","-6.274578,53.318284</coordinates></Point>","-6.274578,53.318284",-6.274578,53.318284
54,St. Joseph's Parade,Off Dorset Street Lower,€ 2.40,"<Point><coordinates>-6.26616,53.357323</coordinates></Point>","-6.26616,53.357323</coordinates></Point>","-6.26616,53.357323",-6.26616,53.357323
55,St. Brigid's Road (Artane),Outside No. 48 St Brigid's Road,€ 0.60,"<Point><coordinates>-6.205195,53.381897</coordinates></Point>","-6.205195,53.381897</coordinates></Point>","-6.205195,53.381897",-6.205195,53.381897
56,St. Brigid's Road Lower,At Whitworth Rd Junction,€ 1.60,"<Point><coordinates>-6.262521,53.362598</coordinates></Point>","-6.262521,53.362598</coordinates></Point>","-6.262521,53.362598",-6.262521,53.362598
57,Collin's Avenue East,Opposite Number 66,€ 1.00,"<Point><coordinates>-6.210015,53.373046</coordinates></Point>","-6.210015,53.373046</coordinates></Point>","-6.210015,53.373046",-6.210015,53.373046
64,Fairview Avenue Upper,At Green,€ 1.00,"<Point><coordinates>-6.235049,53.365338</coordinates></Point>","-6.235049,53.365338</coordinates></Point>","-6.235049,53.365338",-6.235049,53.365338
66,Bellevue (Coach Parking),Guinness Brewery,€ 1.60,"<Point><coordinates>-6.286043,53.341605</coordinates></Point>","-6.286043,53.341605</coordinates></Point>","-6.286043,53.341605",-6.286043,53.341605
70,Larch Grove,Off Sandford Road,€ 2.40,"<Point><coordinates>-6.246402,53.321642</coordinates></Point>","-6.246402,53.321642</coordinates></Point>","-6.246402,53.321642",-6.246402,53.321642
71,Dartry Road,At Dodder Walk,€ 1.00,"<Point><coordinates>-6.259641,53.308441</coordinates></Point>","-6.259641,53.308441</coordinates></Point>","-6.259641,53.308441",-6.259641,53.308441
73,Ardagh Road,Off Crumlin Road,€ 1.00,"<Point><coordinates>-6.303208,53.328784</coordinates></Point>","-6.303208,53.328784</coordinates></Point>","-6.303208,53.328784",-6.303208,53.328784
74,Bow Lane West,Opposite Number 4  n  East of Bow Bridge,€ 1.00,"<Point><coordinates>-6.295594,53.342812</coordinates></Point>","-6.295594,53.342812</coordinates></Point>","-6.295594,53.342812",-6.295594,53.342812
75,Langrishe Place,Off Summerhill,€ 2.40,"<Point><coordinates>-6.256001,53.354698</coordinates></Point>","-6.256001,53.354698</coordinates></Point>","-6.256001,53.354698",-6.256001,53.354698
76,Sandymount Avenue,At Number 53,€ 1.00,"<Point><coordinates>-6.218488,53.329228</coordinates></Point>","-6.218488,53.329228</coordinates></Point>","-6.218488,53.329228",-6.218488,53.329228
109,Emmet Road,No 10,€ 1.00,"<Point><coordinates>-6.308426,53.340543</coordinates></Point>","-6.308426,53.340543</coordinates></Point>","-6.308426,53.340543",-6.308426,53.340543
127,Grattan Crescent,Opposite Park,€ 1.00,"<Point><coordinates>-6.320149,53.34092</coordinates></Point>","-6.320149,53.34092</coordinates></Point>","-6.320149,53.34092",-6.320149,53.34092
128,Annadale Avenue,Off Phillipsburgh Avenue,€ 1.00,"<Point><coordinates>-6.240134,53.36671</coordinates></Point>","-6.240134,53.36671</coordinates></Point>","-6.240134,53.36671",-6.240134,53.36671
134,Victoria Quay,West Of Watling Street Bridge,€ 1.60,"<Point><coordinates>-6.2854,53.346504</coordinates></Point>","-6.2854,53.346504</coordinates></Point>","-6.2854,53.346504",-6.2854,53.346504
135,Parkgate Street,Opposite Cowan's Motors,€ 1.00,"<Point><coordinates>-6.293873,53.348005</coordinates></Point>","-6.293873,53.348005</coordinates></Point>","-6.293873,53.348005",-6.293873,53.348005
139,Hatch Street Lower,No 25,€ 2.90,"<Point><coordinates>-6.256714,53.333858</coordinates></Point>","-6.256714,53.333858</coordinates></Point>","-6.256714,53.333858",-6.256714,53.333858
144,Royal Canal Bank,At Number 1,€ 1.60,"<Point><coordinates>-6.271167,53.361286</coordinates></Point>","-6.271167,53.361286</coordinates></Point>","-6.271167,53.361286",-6.271167,53.361286
154,Emmet Road,No 13 / West of N'side SCR,€ 1.00,"<Point><coordinates>-6.309926,53.340684</coordinates></Point>","-6.309926,53.340684</coordinates></Point>","-6.309926,53.340684",-6.309926,53.340684
155,Killester Avenue,At Number 44,€ 1.00,"<Point><coordinates>-6.209511,53.375277</coordinates></Point>","-6.209511,53.375277</coordinates></Point>","-6.209511,53.375277",-6.209511,53.375277
158,Iona Road,Junction Of Botanic Road,€ 1.60,"<Point><coordinates>-6.270772,53.36671</coordinates></Point>","-6.270772,53.36671</coordinates></Point>","-6.270772,53.36671",-6.270772,53.36671
161,Frankfort Avenue,At Number 75,€ 1.00,"<Point><coordinates>-6.268938,53.316567</coordinates></Point>","-6.268938,53.316567</coordinates></Point>","-6.268938,53.316567",-6.268938,53.316567
162,Victoria Road,Junction of Zion Road,€ 1.00,"<Point><coordinates>-6.274149,53.309066</coordinates></Point>","-6.274149,53.309066</coordinates></Point>","-6.274149,53.309066",-6.274149,53.309066
163,Brunswick Street North,At Boys' School,€ 2.40,"<Point><coordinates>-6.27901,53.350482</coordinates></Point>","-6.27901,53.350482</coordinates></Point>","-6.27901,53.350482",-6.27901,53.350482
165,St. Agnes' Road,At Car Park Opposite AIB Crumlin,€ 1.00,"<Point><coordinates>-6.316975,53.316525</coordinates></Point>","-6.316975,53.316525</coordinates></Point>","-6.316975,53.316525",-6.316975,53.316525
181,Wellington Road,No 1A,€ 2.90,"<Point><coordinates>-6.240824,53.331698</coordinates></Point>","-6.240824,53.331698</coordinates></Point>","-6.240824,53.331698",-6.240824,53.331698
226,Burlington Road,Ark Life Assurance,€ 2.90,"<Point><coordinates>-6.245628,53.331631</coordinates></Point>","-6.245628,53.331631</coordinates></Point>","-6.245628,53.331631",-6.245628,53.331631
228,Charlemont Mall,At Light-Stand 12,€ 2.40,"<Point><coordinates>-6.263337,53.330308</coordinates></Point>","-6.263337,53.330308</coordinates></Point>","-6.263337,53.330308",-6.263337,53.330308
233,Arran Street East,Opposite Number 3,€ 2.90,"<Point><coordinates>-6.270049,53.346285</coordinates></Point>","-6.270049,53.346285</coordinates></Point>","-6.270049,53.346285",-6.270049,53.346285
235,Harcourt Terrace,Opposite Number 19,€ 2.90,"<Point><coordinates>-6.257816,53.332036</coordinates></Point>","-6.257816,53.332036</coordinates></Point>","-6.257816,53.332036",-6.257816,53.332036
244,Emmet Road,East of S'side St Vincent Street,€ 1.00,"<Point><coordinates>-6.318334,53.339719</coordinates></Point>","-6.318334,53.339719</coordinates></Point>","-6.318334,53.339719",-6.318334,53.339719
248,Pembroke Road,Number 78-80,€ 2.90,"<Point><coordinates>-6.238533,53.332462</coordinates></Point>","-6.238533,53.332462</coordinates></Point>","-6.238533,53.332462",-6.238533,53.332462
272,St. Mary's Place North,At Christian Brothers' School,€ 2.40,"<Point><coordinates>-6.267273,53.354436</coordinates></Point>","-6.267273,53.354436</coordinates></Point>","-6.267273,53.354436",-6.267273,53.354436
273,St. Mary's Place North,At Flats,€ 2.40,"<Point><coordinates>-6.267424,53.354311</coordinates></Point>","-6.267424,53.354311</coordinates></Point>","-6.267424,53.354311",-6.267424,53.354311
298,Marlborough Road,No 90,€ 2.40,"<Point><coordinates>-6.245535,53.322739</coordinates></Point>","-6.245535,53.322739</coordinates></Point>","-6.245535,53.322739",-6.245535,53.322739
304,St. Mary's Road South,Junction Of Northumberland Road,€ 2.90,"<Point><coordinates>-6.23725,53.334617</coordinates></Point>","-6.23725,53.334617</coordinates></Point>","-6.23725,53.334617",-6.23725,53.334617
306,Clontarf Road,At Number 10,€ 1.00,"<Point><coordinates>-6.224005,53.363649</coordinates></Point>","-6.224005,53.363649</coordinates></Point>","-6.224005,53.363649",-6.224005,53.363649
316,Longwood Avenue,Junction Of South Circular Road,€ 2.40,"<Point><coordinates>-6.273481,53.331978</coordinates></Point>","-6.273481,53.331978</coordinates></Point>","-6.273481,53.331978",-6.273481,53.331978
318,Kenilworth Square North,Opposite Number 88A,€ 1.60,"<Point><coordinates>-6.274855,53.319699</coordinates></Point>","-6.274855,53.319699</coordinates></Point>","-6.274855,53.319699",-6.274855,53.319699
324,Richmond Street South,Opposite Number 59 (AIB),€ 2.40,"<Point><coordinates>-6.264671,53.332239</coordinates></Point>","-6.264671,53.332239</coordinates></Point>","-6.264671,53.332239",-6.264671,53.332239
326,Wesley Road,At Post Office,€ 1.00,"<Point><coordinates>-6.273077,53.313642</coordinates></Point>","-6.273077,53.313642</coordinates></Point>","-6.273077,53.313642",-6.273077,53.313642
335,Watling Street,At Emmet Buildings,€ 2.40,"<Point><coordinates>-6.284886,53.344366</coordinates></Point>","-6.284886,53.344366</coordinates></Point>","-6.284886,53.344366",-6.284886,53.344366
336,Milltown Road,Opposite No. 38,€ 1.00,"<Point><coordinates>-6.255824,53.308346</coordinates></Point>","-6.255824,53.308346</coordinates></Point>","-6.255824,53.308346",-6.255824,53.308346
338,Castlewood Terrace,At Number 12,€ 2.40,"<Point><coordinates>-6.263004,53.323426</coordinates></Point>","-6.263004,53.323426</coordinates></Point>","-6.263004,53.323426",-6.263004,53.323426
352,High Street,At Church,€ 2.90,"<Point><coordinates>-6.273371,53.343296</coordinates></Point>","-6.273371,53.343296</coordinates></Point>","-6.273371,53.343296",-6.273371,53.343296
353,Amiens Street,Local Employment Centre,€ 2.40,"<Point><coordinates>-6.248149,53.3535</coordinates></Point>","-6.248149,53.3535</coordinates></Point>","-6.248149,53.3535",-6.248149,53.3535
354,Amiens Street,Corner of Preston St,€ 2.40,"<Point><coordinates>-6.248047,53.353279</coordinates></Point>","-6.248047,53.353279</coordinates></Point>","-6.248047,53.353279",-6.248047,53.353279
355,Amiens Street,Near Number 85,€ 2.40,"<Point><coordinates>-6.247186,53.354068</coordinates></Point>","-6.247186,53.354068</coordinates></Point>","-6.247186,53.354068",-6.247186,53.354068
356,Amiens Street,No 3,€ 2.40,"<Point><coordinates>-6.247249,53.354342</coordinates></Point>","-6.247249,53.354342</coordinates></Point>","-6.247249,53.354342",-6.247249,53.354342
362,Francis Street,No 32,€ 2.90,"<Point><coordinates>-6.274926,53.341698</coordinates></Point>","-6.274926,53.341698</coordinates></Point>","-6.274926,53.341698",-6.274926,53.341698
363,Francis Street,Opposite Viking Lodge Pub,€ 2.90,"<Point><coordinates>-6.275097,53.34159</coordinates></Point>","-6.275097,53.34159</coordinates></Point>","-6.275097,53.34159",-6.275097,53.34159
364,Francis Street,No 104,€ 2.90,"<Point><coordinates>-6.274594,53.340868</coordinates></Point>","-6.274594,53.340868</coordinates></Point>","-6.274594,53.340868",-6.274594,53.340868
365,Francis Street,No 54,€ 2.90,"<Point><coordinates>-6.274332,53.340752</coordinates></Point>","-6.274332,53.340752</coordinates></Point>","-6.274332,53.340752",-6.274332,53.340752
366,Francis Street,No 64,€ 2.90,"<Point><coordinates>-6.273701,53.339684</coordinates></Point>","-6.273701,53.339684</coordinates></Point>","-6.273701,53.339684",-6.273701,53.339684
368,Brookvale Road (Donnybrook),Off Eglinton Road,€ 2.40,"<Point><coordinates>-6.233815,53.318385</coordinates></Point>","-6.233815,53.318385</coordinates></Point>","-6.233815,53.318385",-6.233815,53.318385
370,Merrion Road,At Sony Centre / Ballsbridge Park Junction,€ 2.40,"<Point><coordinates>-6.23012,53.328837</coordinates></Point>","-6.23012,53.328837</coordinates></Point>","-6.23012,53.328837",-6.23012,53.328837
384,South Lotts Road,Opp no 33,€ 2.40,"<Point><coordinates>-6.233186,53.338579</coordinates></Point>","-6.233186,53.338579</coordinates></Point>","-6.233186,53.338579",-6.233186,53.338579
385,Nutley Avenue,Corner of Nutley Lane,€ 1.60,"<Point><coordinates>-6.216111,53.318152</coordinates></Point>","-6.216111,53.318152</coordinates></Point>","-6.216111,53.318152",-6.216111,53.318152
391,Serpentine Avenue,Opposite no 15,€ 2.40,"<Point><coordinates>-6.226018,53.328678</coordinates></Point>","-6.226018,53.328678</coordinates></Point>","-6.226018,53.328678",-6.226018,53.328678
403,Sandymount Village,At Seafort Avenue,€ 1.00,"<Point><coordinates>-6.215282,53.332721</coordinates></Point>","-6.215282,53.332721</coordinates></Point>","-6.215282,53.332721",-6.215282,53.332721
404,Sandymount Village,At the Green / Takeaway,€ 1.00,"<Point><coordinates>-6.214858,53.332124</coordinates></Point>","-6.214858,53.332124</coordinates></Point>","-6.214858,53.332124",-6.214858,53.332124
405,Sandymount Village,At the Green / No 14,€ 1.00,"<Point><coordinates>-6.214833,53.331655</coordinates></Point>","-6.214833,53.331655</coordinates></Point>","-6.214833,53.331655",-6.214833,53.331655
407,Sandymount Village,At Sandymount Road / No 85 / Xtra Vision,€ 1.00,"<Point><coordinates>-6.216436,53.333074</coordinates></Point>","-6.216436,53.333074</coordinates></Point>","-6.216436,53.333074",-6.216436,53.333074
408,Sandymount Village,At Sandymount Road / Post office,€ 1.00,"<Point><coordinates>-6.216173,53.333043</coordinates></Point>","-6.216173,53.333043</coordinates></Point>","-6.216173,53.333043",-6.216173,53.333043
426,St. Ignatius' Road,Near corner of Drumcondra Rd,€ 1.60,"<Point><coordinates>-6.260493,53.361194</coordinates></Point>","-6.260493,53.361194</coordinates></Point>","-6.260493,53.361194",-6.260493,53.361194
454,Eglinton Road,At Number 30,€ 2.40,"<Point><coordinates>-6.237891,53.318393</coordinates></Point>","-6.237891,53.318393</coordinates></Point>","-6.237891,53.318393",-6.237891,53.318393
455,Ballyfermot Road,At Kiely's Pharmacy (Number 280),€ 0.60,"<Point><coordinates>-6.351279,53.342211</coordinates></Point>","-6.351279,53.342211</coordinates></Point>","-6.351279,53.342211",-6.351279,53.342211
461,Sandwith Street,At Apartments,€ 2.90,"<Point><coordinates>-6.246828,53.344488</coordinates></Point>","-6.246828,53.344488</coordinates></Point>","-6.246828,53.344488",-6.246828,53.344488
464,Pembroke Park,Number 27,€ 2.40,"<Point><coordinates>-6.240016,53.326632</coordinates></Point>","-6.240016,53.326632</coordinates></Point>","-6.240016,53.326632",-6.240016,53.326632
465,St Kevin's Parade,No 27,€ 2.40,"<Point><coordinates>-6.272861,53.334108</coordinates></Point>","-6.272861,53.334108</coordinates></Point>","-6.272861,53.334108",-6.272861,53.334108
467,Annamoe Road,Hanlon's Pub,€ 1.60,"<Point><coordinates>-6.288442,53.357421</coordinates></Point>","-6.288442,53.357421</coordinates></Point>","-6.288442,53.357421",-6.288442,53.357421
480,Francis Street,Near Tivoli,€ 2.90,"<Point><coordinates>-6.275866,53.342713</coordinates></Point>","-6.275866,53.342713</coordinates></Point>","-6.275866,53.342713",-6.275866,53.342713
482,Killester DART Station,At DART Station,€ 1.00,"<Point><coordinates>-6.204202,53.373021</coordinates></Point>","-6.204202,53.373021</coordinates></Point>","-6.204202,53.373021",-6.204202,53.373021
489,Hatch Street Upper,Styne House,€ 2.90,"<Point><coordinates>-6.261741,53.334092</coordinates></Point>","-6.261741,53.334092</coordinates></Point>","-6.261741,53.334092",-6.261741,53.334092
496,St. John's Road West,Opposite Heuston Station,€ 1.60,"<Point><coordinates>-6.293324,53.345898</coordinates></Point>","-6.293324,53.345898</coordinates></Point>","-6.293324,53.345898",-6.293324,53.345898
499,Terenure Road North,At Charity Shop,€ 1.00,"<Point><coordinates>-6.280736,53.316698</coordinates></Point>","-6.280736,53.316698</coordinates></Point>","-6.280736,53.316698",-6.280736,53.316698
506,Pembroke Road,Wellington Road,€ 2.90,"<Point><coordinates>-6.24017,53.332487</coordinates></Point>","-6.24017,53.332487</coordinates></Point>","-6.24017,53.332487",-6.24017,53.332487
521,Kirwan Street,No 12-13,€ 1.60,"<Point><coordinates>-6.282843,53.352741</coordinates></Point>","-6.282843,53.352741</coordinates></Point>","-6.282843,53.352741",-6.282843,53.352741
533,Hollybrook Road,No 51 Corner of Clontarf Rd,€ 1.00,"<Point><coordinates>-6.218677,53.363147</coordinates></Point>","-6.218677,53.363147</coordinates></Point>","-6.218677,53.363147",-6.218677,53.363147
535,Eglinton Road,At Number 77,€ 2.40,"<Point><coordinates>-6.24034,53.318536</coordinates></Point>","-6.24034,53.318536</coordinates></Point>","-6.24034,53.318536",-6.24034,53.318536
536,Morning Star Avenue,Opposite Whitworth Hall,€ 2.40,"<Point><coordinates>-6.275778,53.35163</coordinates></Point>","-6.275778,53.35163</coordinates></Point>","-6.275778,53.35163",-6.275778,53.35163
538,Simmonscourt Road,Near Entrance To RDS Showgrounds,€ 2.40,"<Point><coordinates>-6.22689,53.325636</coordinates></Point>","-6.22689,53.325636</coordinates></Point>","-6.22689,53.325636",-6.22689,53.325636
539,Simmonscourt Road,Entrance to RDS showgrounds,€ 2.40,"<Point><coordinates>-6.228876,53.324802</coordinates></Point>","-6.228876,53.324802</coordinates></Point>","-6.228876,53.324802",-6.228876,53.324802
545,Cabra Road,Xtra-Vision,€ 1.60,"<Point><coordinates>-6.284548,53.361172</coordinates></Point>","-6.284548,53.361172</coordinates></Point>","-6.284548,53.361172",-6.284548,53.361172
547,Glengarriff Parade,Opp no 9 Corner of NCRd,€ 1.60,"<Point><coordinates>-6.266034,53.36043</coordinates></Point>","-6.266034,53.36043</coordinates></Point>","-6.266034,53.36043",-6.266034,53.36043
549,Rosemount Road,At NCR Junction / At Side Of Number 284,€ 2.40,"<Point><coordinates>-6.278915,53.359493</coordinates></Point>","-6.278915,53.359493</coordinates></Point>","-6.278915,53.359493",-6.278915,53.359493
551,St. Patrick's Close,Corner Of Kevin Street,€ 2.90,"<Point><coordinates>-6.270558,53.338489</coordinates></Point>","-6.270558,53.338489</coordinates></Point>","-6.270558,53.338489",-6.270558,53.338489
560,Blackberry Lane,Corner of Rathmines Road Lower,€ 1.60,"<Point><coordinates>-6.264734,53.328557</coordinates></Point>","-6.264734,53.328557</coordinates></Point>","-6.264734,53.328557",-6.264734,53.328557
563,Blessington Street,Number 68,€ 2.40,"<Point><coordinates>-6.266972,53.35644</coordinates></Point>","-6.266972,53.35644</coordinates></Point>","-6.266972,53.35644",-6.266972,53.35644
567,Mount Argus (Harold's Cross),At Church Main Gate,€ 1.60,"<Point><coordinates>-6.27995,53.324112</coordinates></Point>","-6.27995,53.324112</coordinates></Point>","-6.27995,53.324112",-6.27995,53.324112
568,St. Anne's Road South,Junction of South Circular Road,€ 1.00,"<Point><coordinates>-6.285954,53.331962</coordinates></Point>","-6.285954,53.331962</coordinates></Point>","-6.285954,53.331962",-6.285954,53.331962
569,Conyngham Road,At Parkgate (Sarsfields) Motors,€ 1.00,"<Point><coordinates>-6.299121,53.348137</coordinates></Point>","-6.299121,53.348137</coordinates></Point>","-6.299121,53.348137",-6.299121,53.348137
583,Cornmarket Street,MRCB,€ 2.90,"<Point><coordinates>-6.275452,53.34334</coordinates></Point>","-6.275452,53.34334</coordinates></Point>","-6.275452,53.34334",-6.275452,53.34334
585,South Circular Road,At Number 599,€ 1.00,"<Point><coordinates>-6.306576,53.339248</coordinates></Point>","-6.306576,53.339248</coordinates></Point>","-6.306576,53.339248",-6.306576,53.339248
602,Anglesea Road,North of W'side Ailesbury Drive,€ 2.40,"<Point><coordinates>-6.230835,53.321291</coordinates></Point>","-6.230835,53.321291</coordinates></Point>","-6.230835,53.321291",-6.230835,53.321291
616,Old Kilmainham,At Number 31,€ 1.00,"<Point><coordinates>-6.304533,53.340801</coordinates></Point>","-6.304533,53.340801</coordinates></Point>","-6.304533,53.340801",-6.304533,53.340801
617,Mount Brown,At No 80,€ 1.00,"<Point><coordinates>-6.302521,53.340799</coordinates></Point>","-6.302521,53.340799</coordinates></Point>","-6.302521,53.340799",-6.302521,53.340799
618,Mount Brown,Between 25  n  26,€ 1.00,"<Point><coordinates>-6.298682,53.341445</coordinates></Point>","-6.298682,53.341445</coordinates></Point>","-6.298682,53.341445",-6.298682,53.341445
622,James' Street,At 176  n  Opposite entrance to St. James' Hospital,€ 1.00,"<Point><coordinates>-6.294669,53.342295</coordinates></Point>","-6.294669,53.342295</coordinates></Point>","-6.294669,53.342295",-6.294669,53.342295
624,Grand Canal Street Upper,Opposite Number 26,€ 2.90,"<Point><coordinates>-6.235937,53.33773</coordinates></Point>","-6.235937,53.33773</coordinates></Point>","-6.235937,53.33773",-6.235937,53.33773
628,Barrow Street,Opposite Number 16,€ 2.40,"<Point><coordinates>-6.236245,53.341483</coordinates></Point>","-6.236245,53.341483</coordinates></Point>","-6.236245,53.341483",-6.236245,53.341483
637,South Lotts Road,At ESB,€ 2.40,"<Point><coordinates>-6.232524,53.339342</coordinates></Point>","-6.232524,53.339342</coordinates></Point>","-6.232524,53.339342",-6.232524,53.339342
641,Brunswick Street North,Opposite Kebry print,€ 2.40,"<Point><coordinates>-6.27968,53.350518</coordinates></Point>","-6.27968,53.350518</coordinates></Point>","-6.27968,53.350518",-6.27968,53.350518
645,South Circular Road,Outside number 448,€ 1.00,"<Point><coordinates>-6.293018,53.33475</coordinates></Point>","-6.293018,53.33475</coordinates></Point>","-6.293018,53.33475",-6.293018,53.33475
655,Merrion Road,At Number 180,€ 1.60,"<Point><coordinates>-6.21188,53.318607</coordinates></Point>","-6.21188,53.318607</coordinates></Point>","-6.21188,53.318607",-6.21188,53.318607
659,Sydenham Road,Opposite Merrion Hall,€ 2.40,"<Point><coordinates>-6.225221,53.3277</coordinates></Point>","-6.225221,53.3277</coordinates></Point>","-6.225221,53.3277",-6.225221,53.3277
660,Richmond Avenue,At Number 2,€ 1.60,"<Point><coordinates>-6.243382,53.36345</coordinates></Point>","-6.243382,53.36345</coordinates></Point>","-6.243382,53.36345",-6.243382,53.36345
664,Shrewsbury Road,At Number 18,€ 1.60,"<Point><coordinates>-6.223241,53.32216</coordinates></Point>","-6.223241,53.32216</coordinates></Point>","-6.223241,53.32216",-6.223241,53.32216
675,Vernon Avenue,At Number 9,€ 1.00,"<Point><coordinates>-6.195895,53.359603</coordinates></Point>","-6.195895,53.359603</coordinates></Point>","-6.195895,53.359603",-6.195895,53.359603
680,Lansdowne Park,At Number 45,€ 2.90,"<Point><coordinates>-6.234668,53.333738</coordinates></Point>","-6.234668,53.333738</coordinates></Point>","-6.234668,53.333738",-6.234668,53.333738
682,Stirrup Lane,Church Street To Beresford Street,€ 2.90,"<Point><coordinates>-6.273993,53.3499</coordinates></Point>","-6.273993,53.3499</coordinates></Point>","-6.273993,53.3499",-6.273993,53.3499
694,Chester Road,At Mount Pleasant Avenue,€ 2.40,"<Point><coordinates>-6.257832,53.325152</coordinates></Point>","-6.257832,53.325152</coordinates></Point>","-6.257832,53.325152",-6.257832,53.325152
700,New Row South,Outside no.11,€ 2.40,"<Point><coordinates>-6.273785,53.338393</coordinates></Point>","-6.273785,53.338393</coordinates></Point>","-6.273785,53.338393",-6.273785,53.338393
704,Swords Road,At Iveragh Road Junction,€ 1.00,"<Point><coordinates>-6.245639,53.3808</coordinates></Point>","-6.245639,53.3808</coordinates></Point>","-6.245639,53.3808",-6.245639,53.3808
707,Auburn Street,At No. 13,€ 2.40,"<Point><coordinates>-6.271634,53.356387</coordinates></Point>","-6.271634,53.356387</coordinates></Point>","-6.271634,53.356387",-6.271634,53.356387
709,Bloomfield Avenue (Portobello),Opposite Locks restaurant,€ 2.40,"<Point><coordinates>-6.271515,53.329917</coordinates></Point>","-6.271515,53.329917</coordinates></Point>","-6.271515,53.329917",-6.271515,53.329917
712,St. Assam's Road West,Opposite BOI Car Park,€ 0.60,"<Point><coordinates>-6.172027,53.380791</coordinates></Point>","-6.172027,53.380791</coordinates></Point>","-6.172027,53.380791",-6.172027,53.380791
714,Blackpitts,Junction of Old Mill Court,€ 2.40,"<Point><coordinates>-6.275121,53.335913</coordinates></Point>","-6.275121,53.335913</coordinates></Point>","-6.275121,53.335913",-6.275121,53.335913
719,Oliver Bond Street,Opposite Car Park,€ 2.40,"<Point><coordinates>-6.280456,53.343914</coordinates></Point>","-6.280456,53.343914</coordinates></Point>","-6.280456,53.343914",-6.280456,53.343914
725,Gulistan Terrace,Opposite No. 23,€ 2.40,"<Point><coordinates>-6.260829,53.324921</coordinates></Point>","-6.260829,53.324921</coordinates></Point>","-6.260829,53.324921",-6.260829,53.324921
726,Harold's Cross Road,At Number 74,€ 1.60,"<Point><coordinates>-6.278159,53.326535</coordinates></Point>","-6.278159,53.326535</coordinates></Point>","-6.278159,53.326535",-6.278159,53.326535
727,Harold's Cross Road,At the fork in the Road,€ 1.60,"<Point><coordinates>-6.277891,53.326371</coordinates></Point>","-6.277891,53.326371</coordinates></Point>","-6.277891,53.326371",-6.277891,53.326371
729,Harold's Cross Road,Across from Century House,€ 1.60,"<Point><coordinates>-6.27888,53.319756</coordinates></Point>","-6.27888,53.319756</coordinates></Point>","-6.27888,53.319756",-6.27888,53.319756
730,Sundrive Road,Kimmage opposite Superquinn,€ 1.00,"<Point><coordinates>-6.291361,53.320071</coordinates></Point>","-6.291361,53.320071</coordinates></Point>","-6.291361,53.320071",-6.291361,53.320071
731,Conyngham Road,At Riverpark Apartments,€ 1.00,"<Point><coordinates>-6.302962,53.34821</coordinates></Point>","-6.302962,53.34821</coordinates></Point>","-6.302962,53.34821",-6.302962,53.34821
738,Leicester Avenue,Opposite the Church,€ 1.60,"<Point><coordinates>-6.270725,53.317335</coordinates></Point>","-6.270725,53.317335</coordinates></Point>","-6.270725,53.317335",-6.270725,53.317335
742,York Road,At Number 51,€ 1.60,"<Point><coordinates>-6.265153,53.318821</coordinates></Point>","-6.265153,53.318821</coordinates></Point>","-6.265153,53.318821",-6.265153,53.318821
755,Belmont Gardens,South of E'side Belmont Avenue,€ 2.40,"<Point><coordinates>-6.242044,53.320049</coordinates></Point>","-6.242044,53.320049</coordinates></Point>","-6.242044,53.320049",-6.242044,53.320049
757,Foley Street,At Five-Lamps,€ 2.40,"<Point><coordinates>-6.24921,53.352793</coordinates></Point>","-6.24921,53.352793</coordinates></Point>","-6.24921,53.352793",-6.24921,53.352793
769,Ailesbury Road,At Number 40A,€ 1.60,"<Point><coordinates>-6.222902,53.32001</coordinates></Point>","-6.222902,53.32001</coordinates></Point>","-6.222902,53.32001",-6.222902,53.32001
770,New Wapping Street,At Number 2,€ 2.40,"<Point><coordinates>-6.235135,53.349015</coordinates></Point>","-6.235135,53.349015</coordinates></Point>","-6.235135,53.349015",-6.235135,53.349015
771,Sandymount Avenue,Opposite Embassy Court / Junction Of Spafield Terrace,€ 1.60,"<Point><coordinates>-6.223206,53.326874</coordinates></Point>","-6.223206,53.326874</coordinates></Point>","-6.223206,53.326874",-6.223206,53.326874
772,Observatory Lane,At Bike Shop,€ 2.40,"<Point><coordinates>-6.26481,53.325653</coordinates></Point>","-6.26481,53.325653</coordinates></Point>","-6.26481,53.325653",-6.26481,53.325653
777,Clontarf Road,At Number 162,€ 1.00,"<Point><coordinates>-6.20104,53.359962</coordinates></Point>","-6.20104,53.359962</coordinates></Point>","-6.20104,53.359962",-6.20104,53.359962
778,Clontarf Road,At Number 201,€ 1.00,"<Point><coordinates>-6.195456,53.358781</coordinates></Point>","-6.195456,53.358781</coordinates></Point>","-6.195456,53.358781",-6.195456,53.358781
789,Mayfield Road East (Terenure),Side of #18 Terenure Park,€ 1.00,"<Point><coordinates>-6.285217,53.311427</coordinates></Point>","-6.285217,53.311427</coordinates></Point>","-6.285217,53.311427",-6.285217,53.311427
790,Cork Street,Opposite Coombe Hospital,€ 1.60,"<Point><coordinates>-6.289849,53.335113</coordinates></Point>","-6.289849,53.335113</coordinates></Point>","-6.289849,53.335113",-6.289849,53.335113
791,Cork Street,At Morrisey's Pub,€ 1.60,"<Point><coordinates>-6.287537,53.336874</coordinates></Point>","-6.287537,53.336874</coordinates></Point>","-6.287537,53.336874",-6.287537,53.336874
796,Temple Street West,Junction with Parkgate Street,€ 1.00,"<Point><coordinates>-6.28989,53.348014</coordinates></Point>","-6.28989,53.348014</coordinates></Point>","-6.28989,53.348014",-6.28989,53.348014
798,Ranelagh Avenue,At Number 8,€ 2.40,"<Point><coordinates>-6.254809,53.325499</coordinates></Point>","-6.254809,53.325499</coordinates></Point>","-6.254809,53.325499",-6.254809,53.325499
802,Bond Street,Junction Of Robert Street South,€ 1.60,"<Point><coordinates>-6.28644,53.340803</coordinates></Point>","-6.28644,53.340803</coordinates></Point>","-6.28644,53.340803",-6.28644,53.340803
805,Fitzwilliam Street (Ringsend),Behind Library,€ 0.60,"<Point><coordinates>-6.226569,53.341338</coordinates></Point>","-6.226569,53.341338</coordinates></Point>","-6.226569,53.341338",-6.226569,53.341338
806,Thorncastle Street,Outside Shops,€ 1.00,"<Point><coordinates>-6.227714,53.34235</coordinates></Point>","-6.227714,53.34235</coordinates></Point>","-6.227714,53.34235",-6.227714,53.34235
808,Cork Street,Opposite Donnelly Centre,€ 1.60,"<Point><coordinates>-6.281017,53.338383</coordinates></Point>","-6.281017,53.338383</coordinates></Point>","-6.281017,53.338383",-6.281017,53.338383
809,Blackhall Place,At Number 28,€ 2.40,"<Point><coordinates>-6.281749,53.34925</coordinates></Point>","-6.281749,53.34925</coordinates></Point>","-6.281749,53.34925",-6.281749,53.34925
810,Kilmore Road,At Number 16,€ 0.60,"<Point><coordinates>-6.211212,53.380684</coordinates></Point>","-6.211212,53.380684</coordinates></Point>","-6.211212,53.380684",-6.211212,53.380684
811,Kilmainham Lane,Between 4  n  5,€ 1.00,"<Point><coordinates>-6.306987,53.341779</coordinates></Point>","-6.306987,53.341779</coordinates></Point>","-6.306987,53.341779",-6.306987,53.341779
812,Cowper Road,At Number 61,€ 1.00,"<Point><coordinates>-6.262057,53.315729</coordinates></Point>","-6.262057,53.315729</coordinates></Point>","-6.262057,53.315729",-6.262057,53.315729
813,Tower Avenue,At Number 13,€ 1.00,"<Point><coordinates>-6.279284,53.312551</coordinates></Point>","-6.279284,53.312551</coordinates></Point>","-6.279284,53.312551",-6.279284,53.312551
823,Greenfield Park,At No. 14,€ 1.00,"<Point><coordinates>-6.224844,53.312736</coordinates></Point>","-6.224844,53.312736</coordinates></Point>","-6.224844,53.312736",-6.224844,53.312736
824,Armstrong Street,At Number 1,€ 1.60,"<Point><coordinates>-6.275858,53.328904</coordinates></Point>","-6.275858,53.328904</coordinates></Point>","-6.275858,53.328904",-6.275858,53.328904
826,The Belfry (Inchicore),Junction Of Inchicore Road,€ 1.00,"<Point><coordinates>-6.315365,53.342149</coordinates></Point>","-6.315365,53.342149</coordinates></Point>","-6.315365,53.342149",-6.315365,53.342149
827,Ard Rí Road,Junction Of Arbour Hill / Side of Number 29,€ 1.60,"<Point><coordinates>-6.284862,53.34982</coordinates></Point>","-6.284862,53.34982</coordinates></Point>","-6.284862,53.34982",-6.284862,53.34982
830,Grangegorman Upper,Opposite Entrance To St. Brendan's Hospital,€ 2.40,"<Point><coordinates>-6.278384,53.354795</coordinates></Point>","-6.278384,53.354795</coordinates></Point>","-6.278384,53.354795",-6.278384,53.354795
831,Griffith Avenue,At The School / Opposite Number 31,€ 1.00,"<Point><coordinates>-6.232473,53.37029</coordinates></Point>","-6.232473,53.37029</coordinates></Point>","-6.232473,53.37029",-6.232473,53.37029
832,Clontarf Road,Near Hollybrook Road,€ 1.00,"<Point><coordinates>-6.218216,53.36266</coordinates></Point>","-6.218216,53.36266</coordinates></Point>","-6.218216,53.36266",-6.218216,53.36266
833,Raheny Road,Opposite Number 180,€ 1.00,"<Point><coordinates>-6.176316,53.383463</coordinates></Point>","-6.176316,53.383463</coordinates></Point>","-6.176316,53.383463",-6.176316,53.383463
834,Fairfield Park,Jct Highfield Road,€ 1.00,"<Point><coordinates>-6.271169,53.312684</coordinates></Point>","-6.271169,53.312684</coordinates></Point>","-6.271169,53.312684",-6.271169,53.312684
835,Dolphin Avenue,Junction of SCR,€ 1.00,"<Point><coordinates>-6.287491,53.3322</coordinates></Point>","-6.287491,53.3322</coordinates></Point>","-6.287491,53.3322",-6.287491,53.3322
842,Airfield Park,Junction Of Stillorgan Road / At Number 1,€ 1.00,"<Point><coordinates>-6.226564,53.314676</coordinates></Point>","-6.226564,53.314676</coordinates></Point>","-6.226564,53.314676",-6.226564,53.314676
843,St. John's Road East,Opposite Strand House / Junction Of Strand Mews,€ 1.00,"<Point><coordinates>-6.207857,53.324946</coordinates></Point>","-6.207857,53.324946</coordinates></Point>","-6.207857,53.324946",-6.207857,53.324946
844,Phibsborough Road,McGowan's Pub,€ 2.40,"<Point><coordinates>-6.273734,53.35612</coordinates></Point>","-6.273734,53.35612</coordinates></Point>","-6.273734,53.35612",-6.273734,53.35612
845,Serpentine Avenue,At Pembroke Wanderer's Hockey Club Entrance,€ 2.40,"<Point><coordinates>-6.225069,53.329373</coordinates></Point>","-6.225069,53.329373</coordinates></Point>","-6.225069,53.329373",-6.225069,53.329373
846,Merton Drive,At Number 20,€ 1.60,"<Point><coordinates>-6.253918,53.31472</coordinates></Point>","-6.253918,53.31472</coordinates></Point>","-6.253918,53.31472",-6.253918,53.31472
849,Arranmore Avenue,Junction N.C.R,€ 1.60,"<Point><coordinates>-6.270182,53.36076</coordinates></Point>","-6.270182,53.36076</coordinates></Point>","-6.270182,53.36076",-6.270182,53.36076
850,Glenarm Avenue,Opposite Jct Hollybank Road,€ 1.60,"<Point><coordinates>-6.256937,53.366911</coordinates></Point>","-6.256937,53.366911</coordinates></Point>","-6.256937,53.366911",-6.256937,53.366911
851,Neville Road,Side of No. 74 Highfield Road,€ 1.00,"<Point><coordinates>-6.267402,53.313389</coordinates></Point>","-6.267402,53.313389</coordinates></Point>","-6.267402,53.313389",-6.267402,53.313389
852,Tritonville Road,Outside No. 16,€ 1.00,"<Point><coordinates>-6.222168,53.3374</coordinates></Point>","-6.222168,53.3374</coordinates></Point>","-6.222168,53.3374",-6.222168,53.3374
853,Mill Street,Opposite The Mill,€ 2.40,"<Point><coordinates>-6.275883,53.337119</coordinates></Point>","-6.275883,53.337119</coordinates></Point>","-6.275883,53.337119",-6.275883,53.337119
854,Sir John Rogerson's Quay,At No. 43-49,€ 1.60,"<Point><coordinates>-6.239394,53.346012</coordinates></Point>","-6.239394,53.346012</coordinates></Point>","-6.239394,53.346012",-6.239394,53.346012
855,Sir John Rogerson's Quay,At Dublin Docksides,€ 1.60,"<Point><coordinates>-6.236297,53.345751</coordinates></Point>","-6.236297,53.345751</coordinates></Point>","-6.236297,53.345751",-6.236297,53.345751
856,Castleforbes Road,Junction Mayor Street Upper,€ 1.60,"<Point><coordinates>-6.231907,53.348409</coordinates></Point>","-6.231907,53.348409</coordinates></Point>","-6.231907,53.348409",-6.231907,53.348409
858,Newbridge Avenue,O/s 11-13 Newbridge Avenue,€ 1.00,"<Point><coordinates>-6.223601,53.335426</coordinates></Point>","-6.223601,53.335426</coordinates></Point>","-6.223601,53.335426",-6.223601,53.335426
859,North Circular Road,Entrance A  n  E,€ 2.40,"<Point><coordinates>-6.266416,53.360265</coordinates></Point>","-6.266416,53.360265</coordinates></Point>","-6.266416,53.360265",-6.266416,53.360265
860,Ailesbury Gardens,At the side of 39 St. Alban's Park,€ 1.00,"<Point><coordinates>-6.209226,53.319485</coordinates></Point>","-6.209226,53.319485</coordinates></Point>","-6.209226,53.319485",-6.209226,53.319485
861,Sandymount Castle Road,Gilford Road Junction,€ 1.00,"<Point><coordinates>-6.215592,53.330921</coordinates></Point>","-6.215592,53.330921</coordinates></Point>","-6.215592,53.330921",-6.215592,53.330921
862,Temple Road,Opposite No. 13 / At Junction With Orchard Road South,€ 1.00,"<Point><coordinates>-6.257425,53.31115</coordinates></Point>","-6.257425,53.31115</coordinates></Point>","-6.257425,53.31115",-6.257425,53.31115
865,Milltown Road,At lamp standard 22A,€ 1.60,"<Point><coordinates>-6.246897,53.313215</coordinates></Point>","-6.246897,53.313215</coordinates></Point>","-6.246897,53.313215",-6.246897,53.313215
866,Cullenswood Gardens,Junction of Merton Drive,€ 1.60,"<Point><coordinates>-6.249156,53.320716</coordinates></Point>","-6.249156,53.320716</coordinates></Point>","-6.249156,53.320716",-6.249156,53.320716
867,Ailesbury Park,Opp LS 8,€ 1.60,"<Point><coordinates>-6.212051,53.32048</coordinates></Point>","-6.212051,53.32048</coordinates></Point>","-6.212051,53.32048",-6.212051,53.32048
868,Valentia Parade,Innisfallen Parade Jxn / Side of No. 24,€ 1.60,"<Point><coordinates>-6.262797,53.360994</coordinates></Point>","-6.262797,53.360994</coordinates></Point>","-6.262797,53.360994",-6.262797,53.360994
871,Fingal Place,At No. 3,€ 1.60,"<Point><coordinates>-6.285631,53.354225</coordinates></Point>","-6.285631,53.354225</coordinates></Point>","-6.285631,53.354225",-6.285631,53.354225
875,New Street South,Opposite Number 12,€ 2.40,"<Point><coordinates>-6.272632,53.337692</coordinates></Point>","-6.272632,53.337692</coordinates></Point>","-6.272632,53.337692",-6.272632,53.337692
878,Farney Park,Opposite Glenesk Court,€ 1.00,"<Point><coordinates>-6.220549,53.33193</coordinates></Point>","-6.220549,53.33193</coordinates></Point>","-6.220549,53.33193",-6.220549,53.33193
882,Mountpleasant Avenue Upper,At No. 8,€ 2.40,"<Point><coordinates>-6.260773,53.325855</coordinates></Point>","-6.260773,53.325855</coordinates></Point>","-6.260773,53.325855",-6.260773,53.325855
884,Wellington Street Lower,Opposite No. 3,€ 2.40,"<Point><coordinates>-6.26617,53.355606</coordinates></Point>","-6.26617,53.355606</coordinates></Point>","-6.26617,53.355606",-6.26617,53.355606
886,Fairfield Road,Junction of Daneswell Road,€ 1.60,"<Point><coordinates>-6.267175,53.370071</coordinates></Point>","-6.267175,53.370071</coordinates></Point>","-6.267175,53.370071",-6.267175,53.370071
887,Reuben Street,Opposite No. 38,€ 1.00,"<Point><coordinates>-6.291606,53.335539</coordinates></Point>","-6.291606,53.335539</coordinates></Point>","-6.291606,53.335539",-6.291606,53.335539
889,St. Brigid's Road Upper,At number 1,€ 1.60,"<Point><coordinates>-6.261096,53.36477</coordinates></Point>","-6.261096,53.36477</coordinates></Point>","-6.261096,53.36477",-6.261096,53.36477
890,Clyde Road,At Number 22,€ 2.90,"<Point><coordinates>-6.239029,53.328655</coordinates></Point>","-6.239029,53.328655</coordinates></Point>","-6.239029,53.328655",-6.239029,53.328655
892,Herbert Road,Opposite Lansdowne Square Entrance,€ 2.40,"<Point><coordinates>-6.223497,53.33325</coordinates></Point>","-6.223497,53.33325</coordinates></Point>","-6.223497,53.33325",-6.223497,53.33325
893,Darley Street,Opposite No. 19,€ 1.60,"<Point><coordinates>-6.274488,53.327798</coordinates></Point>","-6.274488,53.327798</coordinates></Point>","-6.274488,53.327798",-6.274488,53.327798
894,Ivar Street,Opposite No. 16,€ 1.60,"<Point><coordinates>-6.28626,53.352024</coordinates></Point>","-6.28626,53.352024</coordinates></Point>","-6.28626,53.352024",-6.28626,53.352024
895,Dufferin Street,side wall of no.1,€ 1.60,"<Point><coordinates>-6.281543,53.331521</coordinates></Point>","-6.281543,53.331521</coordinates></Point>","-6.281543,53.331521",-6.281543,53.331521
896,Sunbury Gardens,,€ 1.00,"<Point><coordinates>-6.262976,53.312264</coordinates></Point>","-6.262976,53.312264</coordinates></Point>","-6.262976,53.312264",-6.262976,53.312264
897,Holyrood Park,At Dart Station,€ 1.00,"<Point><coordinates>-6.22181,53.328687</coordinates></Point>","-6.22181,53.328687</coordinates></Point>","-6.22181,53.328687",-6.22181,53.328687
898,Clontarf Street,At No. 186,€ 1.00,"<Point><coordinates>-6.197202,53.35941</coordinates></Point>","-6.197202,53.35941</coordinates></Point>","-6.197202,53.35941",-6.197202,53.35941
899,Dodderview Cottages,Opposite No. 37,€ 2.40,"<Point><coordinates>-6.230545,53.330542</coordinates></Point>","-6.230545,53.330542</coordinates></Point>","-6.230545,53.330542",-6.230545,53.330542
900,Mount Joy Street,,€ 2.40,"<Point><coordinates>-6.269221,53.354456</coordinates></Point>","-6.269221,53.354456</coordinates></Point>","-6.269221,53.354456",-6.269221,53.354456
901,Kilmainham Lane,At Royal Oak,€ 1.00,"<Point><coordinates>-6.303792,53.341689</coordinates></Point>","-6.303792,53.341689</coordinates></Point>","-6.303792,53.341689",-6.303792,53.341689
902,Harold's Cross Cottages,Opposite No. 16,€ 1.60,"<Point><coordinates>-6.284868,53.329107</coordinates></Point>","-6.284868,53.329107</coordinates></Point>","-6.284868,53.329107",-6.284868,53.329107
903,Park Drive,,€ 1.60,"<Point><coordinates>-6.251291,53.316955</coordinates></Point>","-6.251291,53.316955</coordinates></Point>","-6.251291,53.316955",-6.251291,53.316955
904,Ashdale Road,Ashdale Road,€ 1.60,"<Point><coordinates>-6.285462,53.314288</coordinates></Point>","-6.285462,53.314288</coordinates></Point>","-6.285462,53.314288",-6.285462,53.314288
905,Ring Terrace,,€ 1.00,"<Point><coordinates>-6.32672,53.335929</coordinates></Point>","-6.32672,53.335929</coordinates></Point>","-6.32672,53.335929",-6.32672,53.335929
906,Reuben Avenue,,€ 1.00,"<Point><coordinates>-6.292296,53.335531</coordinates></Point>","-6.292296,53.335531</coordinates></Point>","-6.292296,53.335531",-6.292296,53.335531
907,Wilfield Park,Opposite Foxfield House,€ 1.00,"<Point><coordinates>-6.219035,53.328286</coordinates></Point>","-6.219035,53.328286</coordinates></Point>","-6.219035,53.328286",-6.219035,53.328286
908,Casimir Road,At No. 59,€ 1.60,"<Point><coordinates>-6.282763,53.321717</coordinates></Point>","-6.282763,53.321717</coordinates></Point>","-6.282763,53.321717",-6.282763,53.321717
909,Charleston Avenue,At Trinity House,€ 1.60,"<Point><coordinates>-6.258751,53.323543</coordinates></Point>","-6.258751,53.323543</coordinates></Point>","-6.258751,53.323543",-6.258751,53.323543
911,Claude Road,At side of house no. 49A,€ 1.60,"<Point><coordinates>-6.265746,53.363463</coordinates></Point>","-6.265746,53.363463</coordinates></Point>","-6.265746,53.363463",-6.265746,53.363463
912,Merton Ave,Opp. No. 4,€ 1.60,"<Point><coordinates>-6.281797,53.333044</coordinates></Point>","-6.281797,53.333044</coordinates></Point>","-6.281797,53.333044",-6.281797,53.333044
913,Thomas Davis St. West,At No. 28,€ 1.00,"<Point><coordinates>-6.319162,53.338402</coordinates></Point>","-6.319162,53.338402</coordinates></Point>","-6.319162,53.338402",-6.319162,53.338402
914,Camac Court,At junction Inchicore Road,€ 1.00,"<Point><coordinates>-6.315632,53.341856</coordinates></Point>","-6.315632,53.341856</coordinates></Point>","-6.315632,53.341856",-6.315632,53.341856
915,St Columba's Road Lower,Opposite No. 18,€ 1.60,"<Point><coordinates>-6.263259,53.36367</coordinates></Point>","-6.263259,53.36367</coordinates></Point>","-6.263259,53.36367",-6.263259,53.36367
916,Wellington Street Upper,,€ 2.40,"<Point><coordinates>-6.27036,53.354867</coordinates></Point>","-6.27036,53.354867</coordinates></Point>","-6.27036,53.354867",-6.27036,53.354867
917,Wilfrid Road,Outside No. 1,€ 1.60,"<Point><coordinates>-6.281171,53.31987</coordinates></Point>","-6.281171,53.31987</coordinates></Point>","-6.281171,53.31987",-6.281171,53.31987
918,Villiers Road,Opposite No.25,€ 1.00,"<Point><coordinates>-6.265797,53.313743</coordinates></Point>","-6.265797,53.313743</coordinates></Point>","-6.265797,53.313743",-6.265797,53.313743
919,St Annes Road,Junction St Patricks Road,€ 1.60,"<Point><coordinates>-6.260814,53.363203</coordinates></Point>","-6.260814,53.363203</coordinates></Point>","-6.260814,53.363203",-6.260814,53.363203
920,Ashfield Park,Junction Mount Tallant Avenue,€ 1.00,"<Point><coordinates>-6.283171,53.315666</coordinates></Point>","-6.283171,53.315666</coordinates></Point>","-6.283171,53.315666",-6.283171,53.315666
921,Iona Road,Junction Hollybank Road,€ 1.60,"<Point><coordinates>-6.260756,53.367569</coordinates></Point>","-6.260756,53.367569</coordinates></Point>","-6.260756,53.367569",-6.260756,53.367569
922,Hollybank Road,At No. 57,€ 1.60,"<Point><coordinates>-6.259093,53.367464</coordinates></Point>","-6.259093,53.367464</coordinates></Point>","-6.259093,53.367464",-6.259093,53.367464
923,Hollybank Road,At No. 1,€ 1.60,"<Point><coordinates>-6.256451,53.36703</coordinates></Point>","-6.256451,53.36703</coordinates></Point>","-6.256451,53.36703",-6.256451,53.36703
924,Harold Road,At No.33,€ 1.60,"<Point><coordinates>-6.288055,53.35258</coordinates></Point>","-6.288055,53.35258</coordinates></Point>","-6.288055,53.35258",-6.288055,53.35258
925,Avondale Avenue,Opposite No. 24,€ 2.40,"<Point><coordinates>-6.276288,53.359824</coordinates></Point>","-6.276288,53.359824</coordinates></Point>","-6.276288,53.359824",-6.276288,53.359824
926,Milltown Road,Car Park Bring Centre,€ 1.00,"<Point><coordinates>-6.247052,53.311987</coordinates></Point>","-6.247052,53.311987</coordinates></Point>","-6.247052,53.311987",-6.247052,53.311987
927,Synnot Row,Opp. No. 24,€ 1.60,"<Point><coordinates>-6.262348,53.360951</coordinates></Point>","-6.262348,53.360951</coordinates></Point>","-6.262348,53.360951",-6.262348,53.360951
928,Sherrard Avenue,Opposite No. 19,€ 1.60,"<Point><coordinates>-6.258159,53.360163</coordinates></Point>","-6.258159,53.360163</coordinates></Point>","-6.258159,53.360163",-6.258159,53.360163
929,Belvidere Place,Opposite No. 5,€ 2.40,"<Point><coordinates>-6.257529,53.357916</coordinates></Point>","-6.257529,53.357916</coordinates></Point>","-6.257529,53.357916",-6.257529,53.357916
930,Grattan Court East,Jct Mount Street Lower,€ 2.90,"<Point><coordinates>-6.243331,53.338648</coordinates></Point>","-6.243331,53.338648</coordinates></Point>","-6.243331,53.338648",-6.243331,53.338648
931,Carlisle Avenue,At No. 1,€ 2.40,"<Point><coordinates>-6.244771,53.323689</coordinates></Point>","-6.244771,53.323689</coordinates></Point>","-6.244771,53.323689",-6.244771,53.323689
932,Daniel Street,Opposite No. 5,€ 2.40,"<Point><coordinates>-6.273283,53.334961</coordinates></Point>","-6.273283,53.334961</coordinates></Point>","-6.273283,53.334961",-6.273283,53.334961
933,Sandford Avenue,No 21,€ 1.60,"<Point><coordinates>-6.282383,53.333412</coordinates></Point>","-6.282383,53.333412</coordinates></Point>","-6.282383,53.333412",-6.282383,53.333412
934,Shangan Ave,Opposite Centra,€ 1.00,"<Point><coordinates>-6.256389,53.393556</coordinates></Point>","-6.256389,53.393556</coordinates></Point>","-6.256389,53.393556",-6.256389,53.393556
935,Hollybank Avenue,Junct. Sandford Avenue,€ 1.60,"<Point><coordinates>-6.245682,53.320881</coordinates></Point>","-6.245682,53.320881</coordinates></Point>","-6.245682,53.320881",-6.245682,53.320881
936,Cherryfield Avenue,Opposite no.1,€ 1.60,"<Point><coordinates>-6.245531,53.320178</coordinates></Point>","-6.245531,53.320178</coordinates></Point>","-6.245531,53.320178",-6.245531,53.320178
937,Norwood Park,Junct. Sandford Road,€ 1.60,"<Point><coordinates>-6.243985,53.319822</coordinates></Point>","-6.243985,53.319822</coordinates></Point>","-6.243985,53.319822",-6.243985,53.319822
938,Martins Row,At Pharmacy,€ 1.00,"<Point><coordinates>-6.344578,53.349298</coordinates></Point>","-6.344578,53.349298</coordinates></Point>","-6.344578,53.349298",-6.344578,53.349298
939,Kenilworth Park,O/s No. 14,€ 1.00,"<Point><coordinates>-6.280385,53.318906</coordinates></Point>","-6.280385,53.318906</coordinates></Point>","-6.280385,53.318906",-6.280385,53.318906
942,Wigan Road,Junction Whitworth Road,€ 1.60,"<Point><coordinates>-6.267241,53.363647</coordinates></Point>","-6.267241,53.363647</coordinates></Point>","-6.267241,53.363647",-6.267241,53.363647
943,Charleville Road,O/s No. 20,€ 1.60,"<Point><coordinates>-6.282683,53.360311</coordinates></Point>","-6.282683,53.360311</coordinates></Point>","-6.282683,53.360311",-6.282683,53.360311
944,Dargle Road,O/S No. 1A,€ 1.60,"<Point><coordinates>-6.257342,53.365821</coordinates></Point>","-6.257342,53.365821</coordinates></Point>","-6.257342,53.365821",-6.257342,53.365821
945,Crawford Avenue,Opp. No. 28,€ 1.60,"<Point><coordinates>-6.262478,53.366974</coordinates></Point>","-6.262478,53.366974</coordinates></Point>","-6.262478,53.366974",-6.262478,53.366974
947,Sandymount Road,O/s Church at Leahy's Terrace,€ 1.60,"<Point><coordinates>-6.220086,53.335841</coordinates></Point>","-6.220086,53.335841</coordinates></Point>","-6.220086,53.335841",-6.220086,53.335841
948,Chelmsford Ave,,,"<Point><coordinates>30.586058,46.313032</coordinates></Point>","30.586058,46.313032</coordinates></Point>","30.586058,46.313032",30.586058,46.313032
949,Hanover Quay,Opposite Boat House 9,€ 1.60,"<Point><coordinates>-6.236393,53.344144</coordinates></Point>","-6.236393,53.344144</coordinates></Point>","-6.236393,53.344144",-6.236393,53.344144
950,Benson Street,opp Fitsimons-Business Centre,€ 1.60,"<Point><coordinates>-6.23353,53.344012</coordinates></Point>","-6.23353,53.344012</coordinates></Point>","-6.23353,53.344012",-6.23353,53.344012
951,Benson Street,junction of Green Street East,€ 1.60,"<Point><coordinates>-6.233209,53.344428</coordinates></Point>","-6.233209,53.344428</coordinates></Point>","-6.233209,53.344428",-6.233209,53.344428
952,Lombard Street West,opp. No.38,€ 2.40,"<Point><coordinates>-6.27402,53.334027</coordinates></Point>","-6.27402,53.334027</coordinates></Point>","-6.27402,53.334027",-6.27402,53.334027
953,Carlisle Street,Junct. SCRd,€ 2.40,"<Point><coordinates>-6.271295,53.332514</coordinates></Point>","-6.271295,53.332514</coordinates></Point>","-6.271295,53.332514",-6.271295,53.332514
954,Arnott Street,O/S No. 5,€ 2.40,"<Point><coordinates>-6.269722,53.334307</coordinates></Point>","-6.269722,53.334307</coordinates></Point>","-6.269722,53.334307",-6.269722,53.334307
955,Parkview Place,side of 14 St. Patricks Villas,€ 1.00,"<Point><coordinates>-6.226333,53.341964</coordinates></Point>","-6.226333,53.341964</coordinates></Point>","-6.226333,53.341964",-6.226333,53.341964
957,Kimmage Road,on inset opposite no.100A,€ 1.60,"<Point><coordinates>-6.285533,53.320759</coordinates></Point>","-6.285533,53.320759</coordinates></Point>","-6.285533,53.320759",-6.285533,53.320759
958,Palmerston Road,At side door 4B,€ 1.00,"<Point><coordinates>-6.258132,53.314054</coordinates></Point>","-6.258132,53.314054</coordinates></Point>","-6.258132,53.314054",-6.258132,53.314054
959,Palmerston Park,Junction of Palmerston Road,€ 1.00,"<Point><coordinates>-6.258365,53.313482</coordinates></Point>","-6.258365,53.313482</coordinates></Point>","-6.258365,53.313482",-6.258365,53.313482
960,Richview Ave,Junction Richmond Ave,€ 1.00,"<Point><coordinates>-6.253741,53.313172</coordinates></Point>","-6.253741,53.313172</coordinates></Point>","-6.253741,53.313172",-6.253741,53.313172
963,Sheriff Street,,€ 1.60,"<Point><coordinates>-6.232456,53.350007</coordinates></Point>","-6.232456,53.350007</coordinates></Point>","-6.232456,53.350007",-6.232456,53.350007
964,Sheriff Street,,€ 2.40,"<Point><coordinates>-6.236557,53.350365</coordinates></Point>","-6.236557,53.350365</coordinates></Point>","-6.236557,53.350365",-6.236557,53.350365
965,Sheriff Street,,€ 2.40,"<Point><coordinates>-6.239237,53.350548</coordinates></Point>","-6.239237,53.350548</coordinates></Point>","-6.239237,53.350548",-6.239237,53.350548
966,Connaght Street,,€ 1.60,"<Point><coordinates>-6.279679,53.36291</coordinates></Point>","-6.279679,53.36291</coordinates></Point>","-6.279679,53.36291",-6.279679,53.36291
967,Murtagh Road,,€ 1.60,"<Point><coordinates>-6.287248,53.351373</coordinates></Point>","-6.287248,53.351373</coordinates></Point>","-6.287248,53.351373",-6.287248,53.351373
968,Grangegorman Upper (Orchard Tce),opposite no.63,€ 1.60,"<Point><coordinates>-6.280713,53.35738</coordinates></Point>","-6.280713,53.35738</coordinates></Point>","-6.280713,53.35738",-6.280713,53.35738
969,Sandymount Road,at no. 5,€ 1.00,"<Point><coordinates>-6.21938,53.335315</coordinates></Point>","-6.21938,53.335315</coordinates></Point>","-6.21938,53.335315",-6.21938,53.335315
970,Sandymount Road,at no 67,€ 1.00,"<Point><coordinates>-6.217683,53.333949</coordinates></Point>","-6.217683,53.333949</coordinates></Point>","-6.217683,53.333949",-6.217683,53.333949
971,Maidens Row,Oustide Island Apartments,€ 1.00,"<Point><coordinates>-6.344664,53.348625</coordinates></Point>","-6.344664,53.348625</coordinates></Point>","-6.344664,53.348625",-6.344664,53.348625
972,St. Columba's Road Upper,No. 14,€ 1.60,"<Point><coordinates>-6.262697,53.36491</coordinates></Point>","-6.262697,53.36491</coordinates></Point>","-6.262697,53.36491",-6.262697,53.36491
973,Main St Chapelizod,o/s Mulberry House,€ 1.00,"<Point><coordinates>-6.343844,53.349243</coordinates></Point>","-6.343844,53.349243</coordinates></Point>","-6.343844,53.349243",-6.343844,53.349243
975,Merlyn Rd,Junction with Merrion Road,€ 1.60,"<Point><coordinates>-6.217684,53.322173</coordinates></Point>","-6.217684,53.322173</coordinates></Point>","-6.217684,53.322173",-6.217684,53.322173
976,Alma court,,€ 2.40,"<Point><coordinates>-6.259884,53.325941</coordinates></Point>","-6.259884,53.325941</coordinates></Point>","-6.259884,53.325941",-6.259884,53.325941
977,St. Peters Close,,€ 2.40,"<Point><coordinates>-6.272131,53.358631</coordinates></Point>","-6.272131,53.358631</coordinates></Point>","-6.272131,53.358631",-6.272131,53.358631
979,Sandford Gardens,,€ 1.60,"<Point><coordinates>-6.280981,53.334317</coordinates></Point>","-6.280981,53.334317</coordinates></Point>","-6.280981,53.334317",-6.280981,53.334317
980,South Circular Road,,€ 1.00,"<Point><coordinates>-6.303048,53.338883</coordinates></Point>","-6.303048,53.338883</coordinates></Point>","-6.303048,53.338883",-6.303048,53.338883
982,Rathdown Ave,0/s no. 16,€ 1.00,"<Point><coordinates>-6.291484,53.30289</coordinates></Point>","-6.291484,53.30289</coordinates></Point>","-6.291484,53.30289",-6.291484,53.30289
983,Shrewsbury Park,Junction of Merrion Road,€ 1.60,"<Point><coordinates>-6.220552,53.324283</coordinates></Point>","-6.220552,53.324283</coordinates></Point>","-6.220552,53.324283",-6.220552,53.324283
984,Fitgerald St,at no 16,€ 1.60,"<Point><coordinates>-6.273999,53.327261</coordinates></Point>","-6.273999,53.327261</coordinates></Point>","-6.273999,53.327261",-6.273999,53.327261
985,Wesley Place,,€ 2.40,"<Point><coordinates>-6.276701,53.331353</coordinates></Point>","-6.276701,53.331353</coordinates></Point>","-6.276701,53.331353",-6.276701,53.331353
986,Spencer St South,Junct of St. Vincent St Sth,€ 2.40,"<Point><coordinates>-6.273595,53.332826</coordinates></Point>","-6.273595,53.332826</coordinates></Point>","-6.273595,53.332826",-6.273595,53.332826
987,Grand Canal Street Upper,Opposite Number 18,€ 2.40,"<Point><coordinates>-6.236228,53.337968</coordinates></Point>","-6.236228,53.337968</coordinates></Point>","-6.236228,53.337968",-6.236228,53.337968
988,Glendalough Road,side of no 7 at lane end,€ 1.60,"<Point><coordinates>-6.259792,53.368013</coordinates></Point>","-6.259792,53.368013</coordinates></Point>","-6.259792,53.368013",-6.259792,53.368013
989,Finglas Road,Opposite Cemetry,€ 1.00,"<Point><coordinates>-6.27712,53.369379</coordinates></Point>","-6.27712,53.369379</coordinates></Point>","-6.27712,53.369379",-6.27712,53.369379
990,Finglas Road,Opposite Cemetry,€ 1.00,"<Point><coordinates>-6.27814,53.369789</coordinates></Point>","-6.27814,53.369789</coordinates></Point>","-6.27814,53.369789",-6.27814,53.369789
991,Rathmines Road Upper,Opposite no 183,€ 1.00,"<Point><coordinates>-6.264716,53.315246</coordinates></Point>","-6.264716,53.315246</coordinates></Point>","-6.264716,53.315246",-6.264716,53.315246
992,Sandymount Castle Drive,,€ 1.00,"<Point><coordinates>-6.21513,53.330133</coordinates></Point>","-6.21513,53.330133</coordinates></Point>","-6.21513,53.330133",-6.21513,53.330133
993,Rathdown Road,,€ 2.40,"<Point><coordinates>-6.280385,53.358805</coordinates></Point>","-6.280385,53.358805</coordinates></Point>","-6.280385,53.358805",-6.280385,53.358805
994,Rathdown Road,,€ 2.40,"<Point><coordinates>-6.278145,53.355888</coordinates></Point>","-6.278145,53.355888</coordinates></Point>","-6.278145,53.355888",-6.278145,53.355888
996,Montpelier Hill,,€ 1.60,"<Point><coordinates>-6.294601,53.348881</coordinates></Point>","-6.294601,53.348881</coordinates></Point>","-6.294601,53.348881",-6.294601,53.348881
997,Sir John Rogerson's Quay,,€ 2.40,"<Point><coordinates>-6.242134,53.346224</coordinates></Point>","-6.242134,53.346224</coordinates></Point>","-6.242134,53.346224",-6.242134,53.346224
998,Ostman Place,,€ 2.40,"<Point><coordinates>-6.286591,53.352774</coordinates></Point>","-6.286591,53.352774</coordinates></Point>","-6.286591,53.352774",-6.286591,53.352774
999,St. Agnes Road,Centra Car Park,€ 1.00,"<Point><coordinates>-6.317949,53.32114</coordinates></Point>","-6.317949,53.32114</coordinates></Point>","-6.317949,53.32114",-6.317949,53.32114
1000,Lisle Road,outside Cosgrove Butchers,€ 1.00,"<Point><coordinates>-6.317092,53.320418</coordinates></Point>","-6.317092,53.320418</coordinates></Point>","-6.317092,53.320418",-6.317092,53.320418
1001,St Agnes Road,Outside Tesco Express,€ 1.00,"<Point><coordinates>-6.316229,53.320244</coordinates></Point>","-6.316229,53.320244</coordinates></Point>","-6.316229,53.320244",-6.316229,53.320244
1003,North Wall Quay,Pole 26.Junc.with Castleforbes Rd,€ 1.60,"<Point><coordinates>-6.234178,53.347238</coordinates></Point>","-6.234178,53.347238</coordinates></Point>","-6.234178,53.347238",-6.234178,53.347238
1004,Rathgar Avenue,O/S Auto factors,€ 1.00,"<Point><coordinates>-6.274925,53.312887</coordinates></Point>","-6.274925,53.312887</coordinates></Point>","-6.274925,53.312887",-6.274925,53.312887
1005,Rathgar Avenue,O/S No. 7,€ 1.00,"<Point><coordinates>-6.275207,53.312963</coordinates></Point>","-6.275207,53.312963</coordinates></Point>","-6.275207,53.312963",-6.275207,53.312963
1006,Botanic Ave,0/s no.88,€ 1.60,"<Point><coordinates>-6.260613,53.368538</coordinates></Point>","-6.260613,53.368538</coordinates></Point>","-6.260613,53.368538",-6.260613,53.368538
1007,Inchicore Road,Outside no 117,€ 1.00,"<Point><coordinates>-6.316806,53.341792</coordinates></Point>","-6.316806,53.341792</coordinates></Point>","-6.316806,53.341792",-6.316806,53.341792
1008,Clontarf Road Car Park,,€ 0.60,"<Point><coordinates>-6.19129,53.358197</coordinates></Point>","-6.19129,53.358197</coordinates></Point>","-6.19129,53.358197",-6.19129,53.358197
1009,Addison Road,,€ 1.00,"<Point><coordinates>-6.238293,53.357294</coordinates></Point>","-6.238293,53.357294</coordinates></Point>","-6.238293,53.357294",-6.238293,53.357294
1010,Summer St. North,,€ 2.40,"<Point><coordinates>-6.251162,53.362077</coordinates></Point>","-6.251162,53.362077</coordinates></Point>","-6.251162,53.362077",-6.251162,53.362077
1011,St. Albans Park,,€ 1.00,"<Point><coordinates>-6.208396,53.356848</coordinates></Point>","-6.208396,53.356848</coordinates></Point>","-6.208396,53.356848",-6.208396,53.356848
1013,St Albans Park,No. 86,€ 1.00,"<Point><coordinates>-6.20773,53.31975</coordinates></Point>","-6.20773,53.31975</coordinates></Point>","-6.20773,53.31975",-6.20773,53.31975
1015,North Circular Road,,,"<Point><coordinates>-10.863443,51.218565</coordinates></Point>","-10.863443,51.218565</coordinates></Point>","-10.863443,51.218565",-10.863443,51.218565
1016,Oxmantown Road,,€ 1.60,"<Point><coordinates>-6.292974,53.354514</coordinates></Point>","-6.292974,53.354514</coordinates></Point>","-6.292974,53.354514",-6.292974,53.354514
1017,Cowper Street/Oxmantown Rd,,€ 1.60,"<Point><coordinates>-6.291097,53.35371</coordinates></Point>","-6.291097,53.35371</coordinates></Point>","-6.291097,53.35371",-6.291097,53.35371
1018,Niall Street/Moira Road,,€ 1.60,"<Point><coordinates>-6.28931,53.353072</coordinates></Point>","-6.28931,53.353072</coordinates></Point>","-6.28931,53.353072",-6.28931,53.353072
1019,Halliday Road/Oxmantown Road,,€ 1.60,"<Point><coordinates>-6.288832,53.352345</coordinates></Point>","-6.288832,53.352345</coordinates></Point>","-6.288832,53.352345",-6.288832,53.352345
1020,Mount Prospect Lawns,opposite no. 27,€ 1.00,"<Point><coordinates>-6.190654,53.367257</coordinates></Point>","-6.190654,53.367257</coordinates></Point>","-6.190654,53.367257",-6.190654,53.367257
1021,Palmerston Villas,,€ 1.00,"<Point><coordinates>-6.263811,53.313768</coordinates></Point>","-6.263811,53.313768</coordinates></Point>","-6.263811,53.313768",-6.263811,53.313768
1024,Halston Street,,€ 2.90,"<Point><coordinates>-6.271298,53.349662</coordinates></Point>","-6.271298,53.349662</coordinates></Point>","-6.271298,53.349662",-6.271298,53.349662
1025,Lindsay Road,,,"<Point><coordinates>-10.863443,51.218565</coordinates></Point>","-10.863443,51.218565</coordinates></Point>","-10.863443,51.218565",-10.863443,51.218565
1026,Lindsay Road,,,"<Point><coordinates>-10.863443,51.218565</coordinates></Point>","-10.863443,51.218565</coordinates></Point>","-10.863443,51.218565",-10.863443,51.218565
1027,Rathmines Road Upper,,€ 1.60,"<Point><coordinates>-6.265198,53.320565</coordinates></Point>","-6.265198,53.320565</coordinates></Point>","-6.265198,53.320565",-6.265198,53.320565
1045,Adelaide Road,Opp no 61,€ 2.90,"<Point><coordinates>-6.257081,53.332554</coordinates></Point>","-6.257081,53.332554</coordinates></Point>","-6.257081,53.332554",-6.257081,53.332554
1056,Fenian Street,Opp Dargan Hse,€ 2.90,"<Point><coordinates>-6.24793,53.341606</coordinates></Point>","-6.24793,53.341606</coordinates></Point>","-6.24793,53.341606",-6.24793,53.341606
1191,Fenian Street,No 19-20,€ 2.90,"<Point><coordinates>-6.247528,53.341454</coordinates></Point>","-6.247528,53.341454</coordinates></Point>","-6.247528,53.341454",-6.247528,53.341454
1225,Adelaide Road,Near the Eye  n  Ear Hospital,€ 2.90,"<Point><coordinates>-6.255047,53.33232</coordinates></Point>","-6.255047,53.33232</coordinates></Point>","-6.255047,53.33232",-6.255047,53.33232
1236,Hatch Street Lower,No 12,€ 2.90,"<Point><coordinates>-6.256652,53.334022</coordinates></Point>","-6.256652,53.334022</coordinates></Point>","-6.256652,53.334022",-6.256652,53.334022
1269,Adelaide Road,No 61,€ 2.90,"<Point><coordinates>-6.256943,53.332657</coordinates></Point>","-6.256943,53.332657</coordinates></Point>","-6.256943,53.332657",-6.256943,53.332657
1450,Adelaide Road,No 25-28,€ 2.90,"<Point><coordinates>-6.255904,53.332325</coordinates></Point>","-6.255904,53.332325</coordinates></Point>","-6.255904,53.332325",-6.255904,53.332325
1461,Fenian Street,Opposite The Ginger Man,€ 2.90,"<Point><coordinates>-6.249691,53.341734</coordinates></Point>","-6.249691,53.341734</coordinates></Point>","-6.249691,53.341734",-6.249691,53.341734
1472,Fenian Street,Opp 9-10,€ 2.90,"<Point><coordinates>-6.246564,53.341461</coordinates></Point>","-6.246564,53.341461</coordinates></Point>","-6.246564,53.341461",-6.246564,53.341461
1551,Leeson Lane,Opposite Number 4 / At Entrance To TSB,€ 2.90,"<Point><coordinates>-6.255972,53.336093</coordinates></Point>","-6.255972,53.336093</coordinates></Point>","-6.255972,53.336093",-6.255972,53.336093
3069,Mount Street Upper,No 16,€ 2.90,"<Point><coordinates>-6.245803,53.337602</coordinates></Point>","-6.245803,53.337602</coordinates></Point>","-6.245803,53.337602",-6.245803,53.337602
3104,Mount Street Lower,Near Knockmaun House,€ 2.90,"<Point><coordinates>-6.241824,53.337971</coordinates></Point>","-6.241824,53.337971</coordinates></Point>","-6.241824,53.337971",-6.241824,53.337971
3115,Mount Street Lower,No 33-41,€ 2.90,"<Point><coordinates>-6.242722,53.338268</coordinates></Point>","-6.242722,53.338268</coordinates></Point>","-6.242722,53.338268",-6.242722,53.338268
3494,Clanwilliam Place,Marine House,€ 2.90,"<Point><coordinates>-6.239762,53.338298</coordinates></Point>","-6.239762,53.338298</coordinates></Point>","-6.239762,53.338298",-6.239762,53.338298
3527,Grattan Street,Off Mount Street Lower,€ 2.90,"<Point><coordinates>-6.244263,53.339232</coordinates></Point>","-6.244263,53.339232</coordinates></Point>","-6.244263,53.339232",-6.244263,53.339232
7000,Herbert Street,No 30,€ 2.90,"<Point><coordinates>-6.245001,53.336256</coordinates></Point>","-6.245001,53.336256</coordinates></Point>","-6.245001,53.336256",-6.245001,53.336256
7022,Shelbourne Road,opposite meter 290,€ 2.90,"<Point><coordinates>-6.231656,53.331945</coordinates></Point>","-6.231656,53.331945</coordinates></Point>","-6.231656,53.331945",-6.231656,53.331945
7145,Strand Road (South Car Park),,€ 0.60,"<Point><coordinates>-6.206311,53.322146</coordinates></Point>","-6.206311,53.322146</coordinates></Point>","-6.206311,53.322146",-6.206311,53.322146
7156,Cumberland Street North,Opposite Hill Street,€ 2.90,"<Point><coordinates>-6.258017,53.353408</coordinates></Point>","-6.258017,53.353408</coordinates></Point>","-6.258017,53.353408",-6.258017,53.353408
7167,Earlsfort Terrace,Concert Hall,€ 2.90,"<Point><coordinates>-6.258221,53.334776</coordinates></Point>","-6.258221,53.334776</coordinates></Point>","-6.258221,53.334776",-6.258221,53.334776
7178,Earlsfort Terrace,Near Number 23,€ 2.90,"<Point><coordinates>-6.258836,53.333004</coordinates></Point>","-6.258836,53.333004</coordinates></Point>","-6.258836,53.333004",-6.258836,53.333004
7235,Leo Street,Corner of Josephine St,€ 2.40,"<Point><coordinates>-6.264291,53.358958</coordinates></Point>","-6.264291,53.358958</coordinates></Point>","-6.264291,53.358958",-6.264291,53.358958
7257,Oliver Bond Street,Good Counsel Centre,€ 2.40,"<Point><coordinates>-6.276822,53.344076</coordinates></Point>","-6.276822,53.344076</coordinates></Point>","-6.276822,53.344076",-6.276822,53.344076
7279,Herbert Avenue,Opposite Number 4,€ 1.00,"<Point><coordinates>-6.208829,53.316801</coordinates></Point>","-6.208829,53.316801</coordinates></Point>","-6.208829,53.316801",-6.208829,53.316801
7314,St. Joseph's Street,At No. 18,€ 2.40,"<Point><coordinates>-6.26412,53.359477</coordinates></Point>","-6.26412,53.359477</coordinates></Point>","-6.26412,53.359477",-6.26412,53.359477
7336,Military Road (Rathmines),School,€ 1.60,"<Point><coordinates>-6.266513,53.326974</coordinates></Point>","-6.266513,53.326974</coordinates></Point>","-6.266513,53.326974",-6.266513,53.326974
7404,Eccles Street,Opp. Mater Hospital,€ 2.40,"<Point><coordinates>-6.264723,53.357689</coordinates></Point>","-6.264723,53.357689</coordinates></Point>","-6.264723,53.357689",-6.264723,53.357689
7448,Hatch Street Lower,Colour Copy Centre,€ 2.90,"<Point><coordinates>-6.255659,53.334141</coordinates></Point>","-6.255659,53.334141</coordinates></Point>","-6.255659,53.334141",-6.255659,53.334141
7471,Beechwood Avenue Lower,Opposite Ulster Bank,€ 1.60,"<Point><coordinates>-6.25358,53.324402</coordinates></Point>","-6.25358,53.324402</coordinates></Point>","-6.25358,53.324402",-6.25358,53.324402
7482,Strand Road(North Car Park),,€ 0.60,"<Point><coordinates>-6.208725,53.328379</coordinates></Point>","-6.208725,53.328379</coordinates></Point>","-6.208725,53.328379",-6.208725,53.328379
7516,Bow Street,Opposite Junction Of May Lane,€ 2.40,"<Point><coordinates>-6.276698,53.348184</coordinates></Point>","-6.276698,53.348184</coordinates></Point>","-6.276698,53.348184",-6.276698,53.348184
7583,Baggot Street Lower,Francis Bacon House,€ 2.90,"<Point><coordinates>-6.24688,53.335575</coordinates></Point>","-6.24688,53.335575</coordinates></Point>","-6.24688,53.335575",-6.24688,53.335575
7606,Baggot Street Lower,Number 116,€ 2.90,"<Point><coordinates>-6.249832,53.336971</coordinates></Point>","-6.249832,53.336971</coordinates></Point>","-6.249832,53.336971",-6.249832,53.336971
7639,North Wall Quay,At Tilesavers,€ 1.60,"<Point><coordinates>-6.235015,53.347303</coordinates></Point>","-6.235015,53.347303</coordinates></Point>","-6.235015,53.347303",-6.235015,53.347303
7695,Grove Park,No 59 - 60,€ 1.60,"<Point><coordinates>-6.267767,53.329191</coordinates></Point>","-6.267767,53.329191</coordinates></Point>","-6.267767,53.329191",-6.267767,53.329191
7729,Pembroke Street Lower,,€ 2.90,"<Point><coordinates>-6.252861,53.336173</coordinates></Point>","-6.252861,53.336173</coordinates></Point>","-6.252861,53.336173",-6.252861,53.336173
7808,Cambridge Avenue,,,"<Point><coordinates>-6.216356,53.342754</coordinates></Point>","-6.216356,53.342754</coordinates></Point>","-6.216356,53.342754",-6.216356,53.342754
7831,Ardee Road,Junction with Williams Park,€ 1.60,"<Point><coordinates>-6.266909,53.325405</coordinates></Point>","-6.266909,53.325405</coordinates></Point>","-6.266909,53.325405",-6.266909,53.325405
7842,Ashfield Avenue,Corner of Ashfield Road,€ 1.60,"<Point><coordinates>-6.252708,53.323468</coordinates></Point>","-6.252708,53.323468</coordinates></Point>","-6.252708,53.323468",-6.252708,53.323468
7853,Merrion Square East,No 40,€ 2.90,"<Point><coordinates>-6.246703,53.339062</coordinates></Point>","-6.246703,53.339062</coordinates></Point>","-6.246703,53.339062",-6.246703,53.339062
7864,Elmwood Avenue Lower,Opp no 10,€ 1.60,"<Point><coordinates>-6.255211,53.324471</coordinates></Point>","-6.255211,53.324471</coordinates></Point>","-6.255211,53.324471",-6.255211,53.324471
7875,Merrion Square North,Opp No 16,€ 2.90,"<Point><coordinates>-6.248837,53.34037</coordinates></Point>","-6.248837,53.34037</coordinates></Point>","-6.248837,53.34037",-6.248837,53.34037
7909,Merrion Square South,Opp no 64,€ 2.90,"<Point><coordinates>-6.251054,53.339315</coordinates></Point>","-6.251054,53.339315</coordinates></Point>","-6.251054,53.339315",-6.251054,53.339315
7910,Merrion Square South,No 55,€ 2.90,"<Point><coordinates>-6.250539,53.339137</coordinates></Point>","-6.250539,53.339137</coordinates></Point>","-6.250539,53.339137",-6.250539,53.339137
7932,Merrion Square South,No 65,€ 2.90,"<Point><coordinates>-6.249351,53.338713</coordinates></Point>","-6.249351,53.338713</coordinates></Point>","-6.249351,53.338713",-6.249351,53.338713
7954,Merrion Square South,No 76,€ 2.90,"<Point><coordinates>-6.248863,53.338541</coordinates></Point>","-6.248863,53.338541</coordinates></Point>","-6.248863,53.338541",-6.248863,53.338541
7976,Dorset Street Lower,At lighting pole 16,€ 2.90,"<Point><coordinates>-6.266063,53.354904</coordinates></Point>","-6.266063,53.354904</coordinates></Point>","-6.266063,53.354904",-6.266063,53.354904
7998,Strand Road (Car Park@ Martello Tower),,€ 0.60,"<Point><coordinates>-6.206715,53.32439</coordinates></Point>","-6.206715,53.32439</coordinates></Point>","-6.206715,53.32439",-6.206715,53.32439
8011,Baggot Street Lower,O2 House,€ 2.90,"<Point><coordinates>-6.246265,53.334768</coordinates></Point>","-6.246265,53.334768</coordinates></Point>","-6.246265,53.334768",-6.246265,53.334768
8033,Richmond Cottages,Side of no.20 Richmond Cottages,€ 1.60,"<Point><coordinates>-6.249914,53.357912</coordinates></Point>","-6.249914,53.357912</coordinates></Point>","-6.249914,53.357912",-6.249914,53.357912
8066,Cardiff Lane,At Arena Kitchen Architecture,€ 2.40,"<Point><coordinates>-6.240642,53.345626</coordinates></Point>","-6.240642,53.345626</coordinates></Point>","-6.240642,53.345626",-6.240642,53.345626
9000,Baggot Street Lower,Number 135,€ 2.90,"<Point><coordinates>-6.251908,53.33767</coordinates></Point>","-6.251908,53.33767</coordinates></Point>","-6.251908,53.33767",-6.251908,53.33767
9001,Dominick Street Lower,At flats,€ 2.90,"<Point><coordinates>-6.26628,53.351897</coordinates></Point>","-6.26628,53.351897</coordinates></Point>","-6.26628,53.351897",-6.26628,53.351897
9002,Dominick Street Lower,Opp Church,€ 2.90,"<Point><coordinates>-6.267392,53.352326</coordinates></Point>","-6.267392,53.352326</coordinates></Point>","-6.267392,53.352326",-6.267392,53.352326
9006,Fitzwilliam Square West,,€ 2.90,"<Point><coordinates>-6.252925,53.335724</coordinates></Point>","-6.252925,53.335724</coordinates></Point>","-6.252925,53.335724",-6.252925,53.335724
9007,King's Inns Street,At College,€ 2.90,"<Point><coordinates>-6.268008,53.351621</coordinates></Point>","-6.268008,53.351621</coordinates></Point>","-6.268008,53.351621",-6.268008,53.351621
9008,Merrion Square East,Opp no 42,€ 2.90,"<Point><coordinates>-6.247106,53.33898</coordinates></Point>","-6.247106,53.33898</coordinates></Point>","-6.247106,53.33898",-6.247106,53.33898
9009,Merrion Square North,Opp no 22,€ 2.90,"<Point><coordinates>-6.247959,53.34006</coordinates></Point>","-6.247959,53.34006</coordinates></Point>","-6.247959,53.34006",-6.247959,53.34006
9010,Merrion Square North,Opp No 10,€ 2.90,"<Point><coordinates>-6.249551,53.340617</coordinates></Point>","-6.249551,53.340617</coordinates></Point>","-6.249551,53.340617",-6.249551,53.340617
9011,Merrion Square South,No 81,€ 2.90,"<Point><coordinates>-6.248291,53.338539</coordinates></Point>","-6.248291,53.338539</coordinates></Point>","-6.248291,53.338539",-6.248291,53.338539
9012,Merrion Square South,No 69,€ 2.90,"<Point><coordinates>-6.249009,53.338795</coordinates></Point>","-6.249009,53.338795</coordinates></Point>","-6.249009,53.338795",-6.249009,53.338795
9013,Merrion Square South,Opp no 56,€ 2.90,"<Point><coordinates>-6.251545,53.339487</coordinates></Point>","-6.251545,53.339487</coordinates></Point>","-6.251545,53.339487",-6.251545,53.339487
9014,Merrion Street Upper,Opp no 80,€ 2.90,"<Point><coordinates>-6.25153,53.340089</coordinates></Point>","-6.25153,53.340089</coordinates></Point>","-6.25153,53.340089",-6.25153,53.340089
9020,St. Stephen's Green East,Outside Loretto College at LS70,€ 2.90,"<Point><coordinates>-6.256111,53.337487</coordinates></Point>","-6.256111,53.337487</coordinates></Point>","-6.256111,53.337487",-6.256111,53.337487
9038,Clontarf Road,Centre of car park opposite Church Hall,€ 0.60,"<Point><coordinates>-6.217755,53.362208</coordinates></Point>","-6.217755,53.362208</coordinates></Point>","-6.217755,53.362208",-6.217755,53.362208
9042,Baggot Street Lower,Tesco,€ 2.90,"<Point><coordinates>-6.251701,53.337803</coordinates></Point>","-6.251701,53.337803</coordinates></Point>","-6.251701,53.337803",-6.251701,53.337803
9049,Merrion Square South,No 85,€ 2.90,"<Point><coordinates>-6.248352,53.338362</coordinates></Point>","-6.248352,53.338362</coordinates></Point>","-6.248352,53.338362",-6.248352,53.338362
9050,Merrion Square West,Opp Leinster House,€ 2.90,"<Point><coordinates>-6.251013,53.340594</coordinates></Point>","-6.251013,53.340594</coordinates></Point>","-6.251013,53.340594",-6.251013,53.340594
9056,Leinster Square,Across from number 7,€ 1.60,"<Point><coordinates>-6.266467,53.323503</coordinates></Point>","-6.266467,53.323503</coordinates></Point>","-6.266467,53.323503",-6.266467,53.323503
9058,Merrion Square East,Opp no 47,€ 2.90,"<Point><coordinates>-6.24756,53.338524</coordinates></Point>","-6.24756,53.338524</coordinates></Point>","-6.24756,53.338524",-6.24756,53.338524
9077,Carlingford Road,Jct Glenarm Avenue,€ 1.60,"<Point><coordinates>-6.257319,53.366387</coordinates></Point>","-6.257319,53.366387</coordinates></Point>","-6.257319,53.366387",-6.257319,53.366387
9078,Clontarf Road,Centre of CP opposite Church Grounds,€ 0.60,"<Point><coordinates>-6.197675,53.359237</coordinates></Point>","-6.197675,53.359237</coordinates></Point>","-6.197675,53.359237",-6.197675,53.359237
9103,Clontarf Road Car Park,,€ 0.60,"<Point><coordinates>-6.223931,53.363243</coordinates></Point>","-6.223931,53.363243</coordinates></Point>","-6.223931,53.363243",-6.223931,53.363243
9105,Baggot Street Lower,Number 94,€ 2.90,"<Point><coordinates>-6.247259,53.33551</coordinates></Point>","-6.247259,53.33551</coordinates></Point>","-6.247259,53.33551",-6.247259,53.33551
9155,Capel Street,At CASA Charity Shop,€ 2.90,"<Point><coordinates>-6.268342,53.347604</coordinates></Point>","-6.268342,53.347604</coordinates></Point>","-6.268342,53.347604",-6.268342,53.347604
9180,Fortfield Terrace,at no. 33,€ 2.40,"<Point><coordinates>-6.262064,53.314776</coordinates></Point>","-6.262064,53.314776</coordinates></Point>","-6.262064,53.314776",-6.262064,53.314776
9195,Gardiner Place,outside no.13,€ 2.40,"<Point><coordinates>-6.259933,53.356416</coordinates></Point>","-6.259933,53.356416</coordinates></Point>","-6.259933,53.356416",-6.259933,53.356416
9196,Botanic Road,Opposite Botanic Gardens,€ 1.00,"<Point><coordinates>-6.269177,53.371834</coordinates></Point>","-6.269177,53.371834</coordinates></Point>","-6.269177,53.371834",-6.269177,53.371834
9197,Wynnefield Road,Outside Toilets,€ 1.60,"<Point><coordinates>-6.267155,53.322084</coordinates></Point>","-6.267155,53.322084</coordinates></Point>","-6.267155,53.322084",-6.267155,53.322084
9198,Seafort Terrace,Sandymount Village,€ 1.00,"<Point><coordinates>-6.214347,53.333356</coordinates></Point>","-6.214347,53.333356</coordinates></Point>","-6.214347,53.333356",-6.214347,53.333356
9201,Anglesea Road,Near Public Light Number 9,€ 2.40,"<Point><coordinates>-6.230992,53.326435</coordinates></Point>","-6.230992,53.326435</coordinates></Point>","-6.230992,53.326435",-6.230992,53.326435
9208,Burlington Road,East of Southside Mespil Road,€ 2.90,"<Point><coordinates>-6.246532,53.332358</coordinates></Point>","-6.246532,53.332358</coordinates></Point>","-6.246532,53.332358",-6.246532,53.332358
9211,Infirmary Road,At Number 20,€ 1.60,"<Point><coordinates>-6.296673,53.350771</coordinates></Point>","-6.296673,53.350771</coordinates></Point>","-6.296673,53.350771",-6.296673,53.350771
9217,Raglan Road,Corner of Pembroke Lane,€ 2.90,"<Point><coordinates>-6.237838,53.331856</coordinates></Point>","-6.237838,53.331856</coordinates></Point>","-6.237838,53.331856",-6.237838,53.331856
9220,Woodville Road,at side of no.203 Botanic Ave,€ 1.60,"<Point><coordinates>-6.259113,53.368453</coordinates></Point>","-6.259113,53.368453</coordinates></Point>","-6.259113,53.368453",-6.259113,53.368453
9221,David Road,Whitworth Road junction,€ 1.60,"<Point><coordinates>-6.268443,53.363997</coordinates></Point>","-6.268443,53.363997</coordinates></Point>","-6.268443,53.363997",-6.268443,53.363997
9225,Haddington Road,No 44,€ 2.90,"<Point><coordinates>-6.240297,53.335571</coordinates></Point>","-6.240297,53.335571</coordinates></Point>","-6.240297,53.335571",-6.240297,53.335571
9226,Haddington Road,The Hibernian,€ 2.90,"<Point><coordinates>-6.242655,53.334871</coordinates></Point>","-6.242655,53.334871</coordinates></Point>","-6.242655,53.334871",-6.242655,53.334871
9231,Poolbeg Street,Opposite Corn Exchange entrance,€ 2.90,"<Point><coordinates>-6.256225,53.346817</coordinates></Point>","-6.256225,53.346817</coordinates></Point>","-6.256225,53.346817",-6.256225,53.346817
9232,Clonmel Street,Harcourt Creche,€ 2.90,"<Point><coordinates>-6.26297,53.336081</coordinates></Point>","-6.26297,53.336081</coordinates></Point>","-6.26297,53.336081",-6.26297,53.336081
9233,Herbert Park,At entrance to Park,€ 2.40,"<Point><coordinates>-6.235344,53.327378</coordinates></Point>","-6.235344,53.327378</coordinates></Point>","-6.235344,53.327378",-6.235344,53.327378